@id,name,@lat,@lon,surveillance:type,camera:type
5597812083,,20.2809134,85.8263833,guard,
13204038991,,20.3213813,85.8802084,camera,fixed
13233821445,,20.3195710,85.8806939,camera,fixed
13233821446,,20.3195732,85.8806902,camera,fixed
13233821946,,20.3205933,85.8786237,camera,fixed
13233821950,,20.3206827,85.8777886,camera,fixed
13233836869,,20.3183895,85.8804448,camera,fixed
13260610894,,20.3192549,85.8864971,camera,fixed
13288365725,,20.3154467,85.8857388,camera,fixed
13288379193,,20.3186556,85.8898699,camera,fixed
13288379194,,20.3186313,85.8899000,camera,fixed
