@id,name,@lat,@lon
2445342986,IMS SUM Hospital,20.2834826,85.7696633
2445343009,Institute of Dental Sciences,20.2828486,85.7673727
2895073909,,20.3057095,85.8316524
2928932109,Lion's Eye Hospital,20.2932299,85.8114232
2934142991,,20.2728258,85.7951552
2935070101,kids hospital ground,20.2442831,85.7851433
3134943544,Zenith Clinic,20.2610038,85.7863147
3777142424,Apollo Hospitals,20.3056420,85.8316432
3777142895,Shree Hospitals,20.2483697,85.8415191
4794225133,Care hospital unit 2,20.3214309,85.8128616
7051098081,Jagannath Hospital,20.2899524,85.8448559
7051124622,Jagannath Seva Sadan,20.2605818,85.8372905
7051296367,Millenium Hospitals Private Limited,20.2859719,85.8073230
7053681974,"Lions Eye Hospital, Khordha",20.2932770,85.8117187
7053772988,Sanjeevani Medicare,20.2322348,85.8414093
7059164419,Matrenity Care Hospital,20.2943263,85.8441536
7062152957,Utkal Ayurveda Pratisthan,20.2654456,85.8330927
7068857140,Satayu Hospital and Diabetic Research Centre,20.2635981,85.8467915
7078964748,Pradyumna Bal Memorial Hospital (Kalinga Inst Of Medical Sciences),20.3534661,85.8154891
7079057896,Sparsh Hospital & Critical Care Pvt. Ltd.,20.2953994,85.8433176
7079232145,"Hi Tech Medical College, Bhubaneswar",20.3039069,85.8784600
7079268142,Hemlata Hospitals and Research Centre,20.3159425,85.8168758
7081521249,Padma Hospital,20.2718248,85.8493111
7081686541,Ayush Hospital,20.2961441,85.8341166
7081686566,Lv Prasad Eye Institute,20.3464101,85.8161745
7081842631,Deepak Clinic And Nursing Home,20.2922322,85.8447242
7081843200,Neelachal Hospital Pvt Ltd - Bhubaneshwar,20.2707865,85.8454296
7085358079,Annapurna Memorial Hospital,20.2464631,85.8366150
7085479263,Kar Vision Eye Hospital,20.2797771,85.8442306
7085481906,Aditya Ashwini Hospital,20.3302101,85.8224773
7085703183,Kanungo Insitute Of Diabetes Specialities,20.2450522,85.7851317
7085744484,Vision Care Eye Hospital,20.2846830,85.8496208
7087304436,Ananta Jyot Eye Hospital,20.3149112,85.8216242
7087304446,Bhubaneswar Medical Research Institute and Nursing Home,20.3219121,85.8198577
7208902737,"Goverment hospital,Bhingarpur",20.2610963,85.9312767
7212038213,Secretariate Zonal Dispensary,20.2739449,85.8384629
7701568080,Sai Saburi Hospitals Private Hospital,20.1982244,85.8921327
7701568085,Janani Hospital,20.2169039,85.8524348
7701568094,Government Ayurvedic Hospital,20.1936121,85.8991655
7701568099,Muncipal Hospital,20.2309511,85.8420358
7701568125,Sara Hospital,20.2349312,85.8429377
7701568138,Sara Gastro & Laparoscopic Hospital,20.2375006,85.8403640
7701747911,BBS Health Care Hospital,20.2476984,85.9870827
7701747921,Olatpur Hospital,20.2410710,85.9879850
7709755694,Shrushti Hospital,20.2624874,85.7955432
7709755697,Government Ayurvedic Hospital,20.2608420,85.7870170
7709755704,Eye Hospital,20.3519588,85.8265447
7709755707,Advanced Eye Care Hospital,20.2785410,85.7948213
7709755713,Bhubaneshwar Hospital,20.3339609,85.8097418
7709755715,Baidyanath Memorial Hospital,20.3423540,85.8233710
7709755718,Pen Hospital,20.3474462,85.8240080
7709755721,L V Prasad Eye Hospital,20.3510921,85.8252999
7709755724,Chandrasekharpur Hospital,20.3294222,85.8177743
7709755726,Gastro and Kidney Hospital,20.3249620,85.8202648
7709755730,Netralaya Eye Hospital,20.3149518,85.8214376
7709755731,Health Point Hospital,20.3257458,85.8191438
7709755732,Apex Hospital and Maternity Centre,20.2730944,85.7986267
7709755738,Utkal Hospital,20.3227673,85.8004875
7709755742,Central Hospital,20.3211842,85.8355564
7709755743,Government Hospital,20.3286739,85.8180427
7709755745,Maxfort Hospital,20.3397820,85.8210660
7709755746,Baramunda Hospital,20.2721650,85.8027350
7709755749,City Primary Hospital,20.3285920,85.8385640
7709755755,Government Hospital,20.3302566,85.8142190
7709755759,Baramunda Homeopathy Hospital,20.2670943,85.7994011
7709755763,Sun Hospital Information Centre,20.3320580,85.8185398
7709755768,Ayurprakruthi Ayurveda Hospital,20.2601420,85.7857480
7709755769,Mamata Hospital,20.3216263,85.8175039
7709970631,Trinity Neuro Hospital and Trauma Centre,20.2950416,85.8397433
7709970637,Dr. Agarwal's Eye Hospital,20.2870276,85.8465823
7709970640,Satyam Hospital,20.2590446,85.8366439
7709970642,Gastro and Kidney Care Hospital,20.2878308,85.8106459
7709970648,Lath ENT Centre,20.2814711,85.8554075
7709970654,Sunshine Hospital,20.2690649,85.8483738
7709970657,Astang Ayurvedic Hospital,20.2415780,85.8060840
7709970658,Global Hospital,20.2727519,85.8357780
7709970660,ASG Eye Hospital,20.2746478,85.8456043
7709970662,Global Health Care,20.2609261,85.8388250
7709970665,National City Medical,20.2813207,85.8480983
7709970667,Sanjeevani Panchakarma Center and Piles Clinic,20.2873182,85.8593787
7709970675,Santosh Memorial Hospital and Rehabilitation Centre,20.2983865,85.8201822
7709970677,Power Hospital,20.2940895,85.8365902
7709970678,Vikash Hospital,20.2581158,85.8461782
7709970679,Amri Hospitals,20.2880923,85.8466525
7709970682,Government Hospital,20.2462050,85.8081203
7709970685,Shharc Homeopathy Hospital,20.2825278,85.8574992
7709970693,Sundarpada Hospital,20.2319766,85.8156911
7709970695,Laxmi Hospital,20.2364792,85.8130762
7709970700,Ananya Hospital,20.2610106,85.8513634
7709970704,Police Hospital,20.2937411,85.8259064
7709970706,Shishu Bhavan Hospital,20.2545983,85.8320433
7709970708,Government Ayurvedic Hospital,20.2525266,85.8380208
7709970718,Government Hospital,20.2943080,85.8136800
7709970720,Satyam Hospital,20.2973352,85.8165439
8870030863,AIIMS Hospital,20.2317351,85.7736749
8870030865,Vivekananda Hospital,20.2792952,85.8002264
13546459613,IGKC Multispecialty Hospital,20.2743362,85.7640308
13685544652,,20.3117544,85.8211900
236359578,Manipal Hospital Bhubaneswar,20.2601832,85.7774817
289339580,SWARNA HOSPITAL,20.2994548,85.8206759
289349935,Kalinga Hospital,20.3132881,85.8186217
340644738,Capital Hospital (Bhubaneswar),20.2601247,85.8227126
466594727,ESI Hospital,20.3003264,85.8208004
490265841,"AIIMS, Bhubaneswar",20.2312541,85.7740685
585873952,Unit-4 Govt. Hospital,20.2798851,85.8271871
1139255374,Sara Gastro & Laparoscopic Hospital,20.2539844,85.8458422
1428305062,Munna medicine store,20.2399650,85.8332946
