@id,name,@lat,@lon,highway,lit
12295899974,,20.2749355,85.8433248,street_lamp,
12295899976,,20.2749884,85.8433382,street_lamp,
12295899977,,20.2751077,85.8433698,street_lamp,
12295899978,,20.2751929,85.8433669,street_lamp,
12295899979,,20.2752737,85.8433717,street_lamp,
12295899980,,20.2753346,85.8433755,street_lamp,
12295899982,,20.2753956,85.8433831,street_lamp,
12295899984,,20.2755006,85.8434004,street_lamp,
12295899985,,20.2756289,85.8434338,street_lamp,
12295899986,,20.2757661,85.8434616,street_lamp,
12295899987,,20.2758648,85.8434835,street_lamp,
12295899988,,20.2759589,85.8434988,street_lamp,
12295899989,,20.2760504,85.8435199,street_lamp,
12295899990,,20.2762549,85.8435811,street_lamp,
12295899991,,20.2763195,85.8435964,street_lamp,
12295899992,,20.2764451,85.8436385,street_lamp,
12295899993,,20.2765599,85.8436471,street_lamp,
12386142224,,20.3165574,85.8836458,street_lamp,
12386142225,,20.3159444,85.8841090,street_lamp,
13203981998,,20.3264513,85.8772671,street_lamp,
13203981999,,20.3273095,85.8772481,street_lamp,
13204015460,,20.3191487,85.8816966,street_lamp,
13204015461,,20.3189512,85.8818589,street_lamp,
13204015462,,20.3186901,85.8820463,street_lamp,
13204015463,,20.3182094,85.8825296,street_lamp,
13204015464,,20.3180019,85.8826881,street_lamp,
13204015465,,20.3178544,85.8828021,street_lamp,
13204015466,,20.3176520,85.8828430,street_lamp,
13204015467,,20.3173743,85.8830422,street_lamp,
13204015468,,20.3171939,85.8831767,street_lamp,
13204015469,,20.3169463,85.8833543,street_lamp,
13204015470,,20.3167349,85.8835141,street_lamp,
13204015471,,20.3162170,85.8838917,street_lamp,
13204028979,,20.3226943,85.8784351,street_lamp,
13204028980,,20.3228710,85.8783345,street_lamp,
13204028981,,20.3230575,85.8782324,street_lamp,
13204028982,,20.3232218,85.8781459,street_lamp,
13204028983,,20.3233802,85.8780575,street_lamp,
13204028984,,20.3236167,85.8779351,street_lamp,
13204032935,,20.3279292,85.8772988,street_lamp,
13204032936,,20.3281513,85.8773227,street_lamp,
13204032937,,20.3276738,85.8779121,street_lamp,
13204032938,,20.3274398,85.8778939,street_lamp,
13204032939,,20.3271497,85.8778671,street_lamp,
13204032940,,20.3269076,85.8778657,street_lamp,
13204032942,,20.3266507,85.8778757,street_lamp,
13204038801,,20.3276974,85.8772849,street_lamp,
13204038970,,20.3263598,85.8778860,street_lamp,
13204038971,,20.3260792,85.8778987,street_lamp,
13204038972,,20.3258016,85.8779104,street_lamp,
13204038973,,20.3255446,85.8779522,street_lamp,
13204038974,,20.3251952,85.8780405,street_lamp,
13204038975,,20.3249431,85.8781165,street_lamp,
13204038976,,20.3246469,85.8781835,street_lamp,
13204038977,,20.3243684,85.8782768,street_lamp,
13204038978,,20.3241019,85.8783607,street_lamp,
13204038979,,20.3238441,85.8784655,street_lamp,
13204038980,,20.3235923,85.8785955,street_lamp,
13204038981,,20.3233828,85.8786963,street_lamp,
13204038982,,20.3231576,85.8788020,street_lamp,
13204038983,,20.3228994,85.8789502,street_lamp,
13204038984,,20.3226350,85.8791152,street_lamp,
13204038985,,20.3224504,85.8793400,street_lamp,
13204038986,,20.3222312,85.8795195,street_lamp,
13204038987,,20.3219686,85.8797369,street_lamp,
13204038988,,20.3217590,85.8798735,street_lamp,
13204038989,,20.3215245,85.8800414,street_lamp,
13204038990,,20.3213077,85.8802092,street_lamp,
13204038992,,20.3211096,85.8803595,street_lamp,
13204038993,,20.3208876,85.8805255,street_lamp,
13204038994,,20.3206898,85.8806758,street_lamp,
13204038995,,20.3205194,85.8808016,street_lamp,
13204038996,,20.3203557,85.8809343,street_lamp,
13204038997,,20.3202110,85.8811023,street_lamp,
13204038998,,20.3200606,85.8811898,street_lamp,
13228756533,,20.3136977,85.8885891,street_lamp,
13228756534,,20.3137911,85.8884837,street_lamp,
13228756535,,20.3140581,85.8882014,street_lamp,
13228756536,,20.3140697,85.8886390,street_lamp,
13228756537,,20.3142669,85.8884148,street_lamp,
13228756538,,20.3140444,85.8890462,street_lamp,
13228756539,,20.3142007,85.8888630,street_lamp,
13228756540,,20.3143594,85.8886788,street_lamp,
13228756541,,20.3144941,85.8885095,street_lamp,
13228756542,,20.3143041,85.8892968,street_lamp,
13228756543,,20.3144495,85.8891432,street_lamp,
13228756544,,20.3145937,85.8889714,street_lamp,
13228756545,,20.3147502,85.8887874,street_lamp,
13228756546,,20.3148767,85.8886501,street_lamp,
13228756547,,20.3146544,85.8893621,street_lamp,
13228756548,,20.3148139,85.8891805,street_lamp,
13228756549,,20.3149649,85.8890019,street_lamp,
13228756550,,20.3151548,85.8888055,street_lamp,
13228756551,,20.3153349,85.8886033,street_lamp,
13228758451,,20.3154856,85.8846005,street_lamp,
13228758452,,20.3151332,85.8848705,street_lamp,
13228758453,,20.3149118,85.8850298,street_lamp,
13228758454,,20.3147007,85.8851752,street_lamp,
13228758455,,20.3143192,85.8854646,street_lamp,
13228758456,,20.3138416,85.8856763,street_lamp,
13228758457,,20.3135983,85.8858544,street_lamp,
13228758458,,20.3133887,85.8860120,street_lamp,
13228758459,,20.3132190,85.8862635,street_lamp,
13228758460,,20.3129936,85.8864202,street_lamp,
13228758461,,20.3127783,85.8865891,street_lamp,
13228758462,,20.3123774,85.8868911,street_lamp,
13228758463,,20.3121564,85.8870603,street_lamp,
13228785922,,20.3125045,85.8876689,street_lamp,
13228785923,,20.3126064,85.8877805,street_lamp,
13228785924,,20.3127385,85.8879324,street_lamp,
13228785925,,20.3132440,85.8881715,street_lamp,
13228785926,,20.3134025,85.8879847,street_lamp,
13228785927,,20.3135666,85.8878261,street_lamp,
13228785928,,20.3131706,85.8883682,street_lamp,
13228785929,,20.3133093,85.8885069,street_lamp,
13228785930,,20.3133383,85.8884430,street_lamp,
13228785931,,20.3134899,85.8882863,street_lamp,
13228785932,,20.3135576,85.8882087,street_lamp,
13228785933,,20.3137729,85.8879688,street_lamp,
13228785934,,20.3139218,85.8878143,street_lamp,
13228812592,,20.3122120,85.8861155,street_lamp,
13228812593,,20.3116984,85.8874064,street_lamp,
13228812594,,20.3115355,85.8875131,street_lamp,
13228812595,,20.3113640,85.8876638,street_lamp,
13228812596,,20.3112326,85.8877695,street_lamp,
13228812597,,20.3102098,85.8875048,street_lamp,
13228812598,,20.3105597,85.8873351,street_lamp,
13228812599,,20.3107718,85.8871719,street_lamp,
13228812600,,20.3109390,85.8870600,street_lamp,
13228828801,,20.3111406,85.8869122,street_lamp,
13228828802,,20.3113138,85.8867870,street_lamp,
13228828803,,20.3114474,85.8866857,street_lamp,
13228828804,,20.3116450,85.8865312,street_lamp,
13228828805,,20.3118555,85.8863845,street_lamp,
13228828806,,20.3120214,85.8862548,street_lamp,
13228828807,,20.3118700,85.8872703,street_lamp,
13228828808,,20.3123840,85.8859870,street_lamp,
13228828809,,20.3125760,85.8858458,street_lamp,
13228828810,,20.3127339,85.8857316,street_lamp,
13228828811,,20.3129251,85.8855808,street_lamp,
13228828812,,20.3131095,85.8854354,street_lamp,
13228828813,,20.3132922,85.8853024,street_lamp,
13228828814,,20.3134877,85.8851476,street_lamp,
13228828815,,20.3136330,85.8850436,street_lamp,
13228828816,,20.3138226,85.8849013,street_lamp,
13228828817,,20.3139301,85.8848238,street_lamp,
13228828818,,20.3140874,85.8847121,street_lamp,
13228828819,,20.3142417,85.8845916,street_lamp,
13228828820,,20.3144959,85.8843968,street_lamp,
13228828822,,20.3151831,85.8838909,street_lamp,
13228828823,,20.3152846,85.8838155,street_lamp,
13228828824,,20.3154672,85.8836783,street_lamp,
13228828825,,20.3156175,85.8835719,street_lamp,
13228828826,,20.3158301,85.8834080,street_lamp,
13228828827,,20.3159410,85.8833290,street_lamp,
13228828828,,20.3161308,85.8831840,street_lamp,
13228828829,,20.3162742,85.8830756,street_lamp,
13228828830,,20.3164361,85.8829578,street_lamp,
13228828831,,20.3166511,85.8827923,street_lamp,
13228828832,,20.3167951,85.8826906,street_lamp,
13228828833,,20.3169556,85.8825685,street_lamp,
13228828834,,20.3171196,85.8824444,street_lamp,
13228828835,,20.3173003,85.8823093,street_lamp,
13228828837,,20.3146485,85.8842854,street_lamp,
13233816232,,20.3208721,85.8796220,street_lamp,
13233816233,,20.3209113,85.8796884,street_lamp,
13233816234,,20.3211217,85.8795335,street_lamp,
13233816235,,20.3212888,85.8794156,street_lamp,
13233816236,,20.3214634,85.8792895,street_lamp,
13233816237,,20.3216401,85.8791674,street_lamp,
13233816238,,20.3218044,85.8790442,street_lamp,
13233816239,,20.3218668,85.8788572,street_lamp,
13233816240,,20.3219855,85.8789122,street_lamp,
13233816241,,20.3221124,85.8788077,street_lamp,
13233816242,,20.3222800,85.8786904,street_lamp,
13233816243,,20.3224808,85.8785670,street_lamp,
13233821444,,20.3195726,85.8806919,street_lamp,
13233821447,,20.3198352,85.8804981,street_lamp,
13233821938,,20.3202039,85.8801234,street_lamp,
13233821939,,20.3204986,85.8800052,street_lamp,
13233821940,,20.3205231,85.8798612,street_lamp,
13233821941,,20.3205950,85.8798181,street_lamp,
13233821942,,20.3205542,85.8793406,street_lamp,
13233821943,,20.3205572,85.8792384,street_lamp,
13233821944,,20.3205778,85.8790353,street_lamp,
13233821945,,20.3205981,85.8787556,street_lamp,
13233821947,,20.3206214,85.8784274,street_lamp,
13233821948,,20.3206408,85.8782151,street_lamp,
13233821949,,20.3206662,85.8778857,street_lamp,
13233831954,,20.3186681,85.8804952,street_lamp,
13233831955,,20.3184121,85.8802374,street_lamp,
13233831956,,20.3181399,85.8800024,street_lamp,
13233831959,,20.3170033,85.8785699,street_lamp,
13233831960,,20.3173272,85.8784214,street_lamp,
13233831961,,20.3175608,85.8782201,street_lamp,
13233831962,,20.3176814,85.8780593,street_lamp,
13233831963,,20.3178586,85.8778139,street_lamp,
13233836862,,20.3170999,85.8794809,street_lamp,
13233836863,,20.3164710,85.8792712,street_lamp,
13233836864,,20.3163629,85.8792372,street_lamp,
13233836865,,20.3162647,85.8792120,street_lamp,
13233836866,,20.3173819,85.8795573,street_lamp,
13233836867,,20.3176460,85.8797008,street_lamp,
13233836868,,20.3179195,85.8798334,street_lamp,
13244944940,,20.3182763,85.8773979,street_lamp,
13244944941,,20.3184860,85.8772206,street_lamp,
13244944942,,20.3189901,85.8769730,street_lamp,
13244944943,,20.3192621,85.8768577,street_lamp,
13244944944,,20.3194957,85.8767652,street_lamp,
13244944945,,20.3197243,85.8766445,street_lamp,
13244944946,,20.3199920,85.8764287,street_lamp,
13244944947,,20.3202007,85.8762309,street_lamp,
13244944948,,20.3203894,85.8760277,street_lamp,
13244944949,,20.3205873,85.8758310,street_lamp,
13244944950,,20.3206714,85.8757164,street_lamp,
13244944951,,20.3209456,85.8753713,street_lamp,
13244944952,,20.3211030,85.8750591,street_lamp,
13244944953,,20.3212545,85.8746435,street_lamp,
13244944954,,20.3213342,85.8742463,street_lamp,
13244944955,,20.3214013,85.8739251,street_lamp,
13244944956,,20.3214476,85.8737286,street_lamp,
13244944957,,20.3214535,85.8736601,street_lamp,
13244944958,,20.3214945,85.8734214,street_lamp,
13244944959,,20.3215687,85.8731656,street_lamp,
13244987611,,20.3217012,85.8731371,street_lamp,
13244987612,,20.3217341,85.8729265,street_lamp,
13244987613,,20.3221514,85.8726112,street_lamp,
13244987614,,20.3219174,85.8727565,street_lamp,
13244987615,,20.3223845,85.8724473,street_lamp,
13244987616,,20.3225484,85.8723493,street_lamp,
13244987617,,20.3227217,85.8722589,street_lamp,
13244987618,,20.3229778,85.8721639,street_lamp,
13244987619,,20.3232212,85.8720817,street_lamp,
13244987620,,20.3234873,85.8720120,street_lamp,
13244987621,,20.3237325,85.8719383,street_lamp,
13244987622,,20.3239835,85.8718398,street_lamp,
13244987623,,20.3242774,85.8717067,street_lamp,
13244987624,,20.3245132,85.8715828,street_lamp,
13244987625,,20.3247341,85.8714547,street_lamp,
13244987626,,20.3249664,85.8713057,street_lamp,
13244987627,,20.3252794,85.8711260,street_lamp,
13244987628,,20.3255091,85.8709813,street_lamp,
13244987629,,20.3257082,85.8708568,street_lamp,
13244987630,,20.3259121,85.8707225,street_lamp,
13244987631,,20.3261431,85.8705499,street_lamp,
13244987632,,20.3263988,85.8703299,street_lamp,
13244987633,,20.3266178,85.8701951,street_lamp,
13244987634,,20.3277590,85.8699285,street_lamp,
13244987635,,20.3278298,85.8699042,street_lamp,
13260583863,,20.3173544,85.8839930,street_lamp,
13260583864,,20.3176189,85.8840892,street_lamp,
13260583865,,20.3179087,85.8842674,street_lamp,
13260583866,,20.3180769,85.8844232,street_lamp,
13260583867,,20.3181370,85.8843680,street_lamp,
13260583868,,20.3179433,85.8846371,street_lamp,
13260583869,,20.3178552,85.8847446,street_lamp,
13260583870,,20.3177950,85.8848289,street_lamp,
13260583871,,20.3176903,85.8849845,street_lamp,
13260583872,,20.3175562,85.8851877,street_lamp,
13260586930,,20.3177028,85.8854105,street_lamp,
13260586931,,20.3184442,85.8856282,street_lamp,
13260586932,,20.3200450,85.8871679,street_lamp,
13260586933,,20.3200468,85.8871728,street_lamp,
13260586934,,20.3199986,85.8879317,street_lamp,
13260586935,,20.3191721,85.8886464,street_lamp,
13260586938,,20.3199303,85.8891404,street_lamp,
13260610888,,20.3198798,85.8870794,street_lamp,
13260610889,,20.3198862,85.8870714,street_lamp,
13260610890,,20.3195902,85.8868310,street_lamp,
13260610891,,20.3194611,85.8867260,street_lamp,
13260610892,,20.3191648,85.8867172,street_lamp,
13260610893,,20.3189436,85.8870358,street_lamp,
13260610895,,20.3190154,85.8863988,street_lamp,
13260622001,,20.3193388,85.8882899,street_lamp,
13260622002,,20.3194394,85.8876494,street_lamp,
13260622004,,20.3202896,85.8881692,street_lamp,
13260622005,,20.3201443,85.8875711,street_lamp,
13260622006,,20.3203884,85.8877559,street_lamp,
13288337368,,20.3154755,85.8859078,street_lamp,
13288337369,,20.3155108,85.8861437,street_lamp,
13288351804,,20.3163419,85.8869341,street_lamp,
13288351805,,20.3161863,85.8868043,street_lamp,
13288351806,,20.3158589,85.8865071,street_lamp,
13288365722,,20.3156234,85.8852865,street_lamp,
13288365723,,20.3154034,85.8854309,street_lamp,
13288365724,,20.3154502,85.8857190,street_lamp,
13288376497,,20.3178003,85.8897759,street_lamp,
13288376498,,20.3175499,85.8897774,street_lamp,
13288379191,,20.3192191,85.8896664,street_lamp,
13288379192,,20.3188165,85.8898462,street_lamp,
